{
	"ulid": "01JXKME7P8SWK8ZDNMFRN6HR4Q",
	"minTime": 1749751200000,
	"maxTime": 1749772800000,
	"stats": {
		"numSamples": 7660,
		"numSeries": 10,
		"numChunks": 64
	},
	"compaction": {
		"level": 2,
		"sources": [
			"01JXK0D03JTWHS46CK7AE662DM",
			"01JXK5YAA37F2N1EW8XW5TPVVE",
			"01JXKME7E0R5PSHHJ8V2W53XB7"
		],
		"parents": [
			{
				"ulid": "01JXK0D03JTWHS46CK7AE662DM",
				"minTime": 1749751200000,
				"maxTime": 1749758400000
			},
			{
				"ulid": "01JXK5YAA37F2N1EW8XW5TPVVE",
				"minTime": 1749758400000,
				"maxTime": 1749765600000
			},
			{
				"ulid": "01JXKME7E0R5PSHHJ8V2W53XB7",
				"minTime": 1749765601833,
				"maxTime": 1749772800000
			}
		]
	},
	"version": 1
}