version,start_time,precision_10,latency,drift_score,api_calls
1b53c9d8,2025-06-17 21:58:03.588000+00:00,0.27,0.0,0.0,0.0
3b6126f8,2025-06-17 20:33:49.952000+00:00,0.26,0.0,0.0,0.0
783ff626,2025-06-17 20:17:10.147000+00:00,,0.0,0.0,0.0
8c6c212c,2025-06-17 20:00:35.174000+00:00,,0.0,0.0,0.0
1bab5417,2025-06-17 19:12:13.660000+00:00,0.2,0.0,0.0,0.0
29259ac0,2025-06-17 18:53:15.347000+00:00,0.18,0.0,0.0,0.0
aa0cd074,2025-06-17 18:43:10.313000+00:00,0.18,0.0,0.0,0.0
3dcd197d,2025-06-17 18:31:47.541000+00:00,,0.0,0.0,0.0
cd4872af,2025-06-17 16:39:11.932000+00:00,,0.0,0.0,0.0
920840af,2025-06-17 16:08:01.856000+00:00,0.2,0.0,0.0,0.0
ba329f7e,2025-06-17 15:52:23.633000+00:00,0.4,0.0,0.0,0.0
1583405f,2025-06-17 15:20:18.112000+00:00,0.38,0.0,0.0,0.0
29614c9e,2025-06-17 14:59:16.214000+00:00,0.38,0.0,0.0,0.0
5af84d58,2025-06-17 14:41:34.701000+00:00,0.38,0.0,0.0,0.0
e349bce1,2025-06-17 14:21:36.503000+00:00,0.35,0.0,0.0,0.0
3e4f1749,2025-06-17 14:16:40.669000+00:00,,0.0,0.0,0.0
f69cf7f1,2025-06-17 14:04:42.885000+00:00,0.18,0.0,0.0,0.0
240ea066,2025-06-17 13:28:20.334000+00:00,0.15,0.0,0.0,0.0
f38ed955,2025-06-17 12:58:06.746000+00:00,0.18,0.0,0.0,0.0
2efd56eb,2025-06-16 21:22:28.663000+00:00,0.19,0.0,0.0,0.0
f0e7dd83,2025-06-16 17:04:49.504000+00:00,0.37,0.0,0.0,0.0
b418e62f,2025-06-16 17:01:13.119000+00:00,0.36,0.0,0.0,0.0
8a039567,2025-06-16 16:37:37.207000+00:00,0.36,0.0,0.0,0.0
92af0d2d,2025-06-16 16:33:47.759000+00:00,0.32,0.0,0.0,0.0
6ab6bbdd,2025-06-16 16:09:33.224000+00:00,0.35,0.0,0.0,0.0
2899d4c5,2025-06-16 16:04:56.821000+00:00,,0.0,0.0,0.0
28d4f9be,2025-06-16 13:43:37.098000+00:00,0.29,0.0,0.0,0.0
ff92125e,2025-06-16 13:40:38.793000+00:00,0.26,0.0,0.0,0.0
044c3664,2025-06-16 13:37:05.113000+00:00,0.26,0.0,0.0,0.0
2ce73ec8,2025-06-16 11:53:55.734000+00:00,0.19,0.0,0.0,0.0
6deadccf,2025-06-16 10:57:31.983000+00:00,0.26,0.0,0.0,0.0
73f8c805,2025-06-16 09:03:08.878000+00:00,0.18,0.0,0.0,0.0
b5702bb1,2025-06-16 08:48:09.466000+00:00,0.18,0.0,0.0,0.0
f9eabedb,2025-06-16 08:12:10.542000+00:00,0.2,0.0,0.0,0.0
ca2a4174,2025-06-16 07:47:01.184000+00:00,0.2,0.0,0.0,0.0
1416dd1a,2025-06-16 07:17:16.201000+00:00,0.22,0.0,0.0,0.0
1ebccbc9,2025-06-16 07:04:14.764000+00:00,0.19,0.0,0.0,0.0
0d19f96d,2025-06-16 05:06:24.947000+00:00,0.18,0.0,0.0,0.0
f66e408d,2025-06-16 04:44:08.991000+00:00,0.19,0.0,0.0,0.0
f19186a3,2025-06-16 04:33:40.286000+00:00,0.2,0.0,0.0,0.0
ad157f36,2025-06-16 03:58:08.229000+00:00,0.24,0.0,0.0,0.0
6c565a81,2025-06-16 02:48:19.178000+00:00,0.18,0.0,0.0,0.0
ca73034a,2025-06-15 23:52:14.649000+00:00,0.2,0.0,0.0,0.0
913e5c23,2025-06-15 23:33:06.520000+00:00,0.18,0.0,0.0,0.0
578a11f8,2025-06-15 19:42:26.974000+00:00,0.23,0.0,0.0,0.0
3bb3568b,2025-06-15 19:04:18.423000+00:00,0.22,0.0,0.0,0.0
208f9d7a,2025-06-15 15:50:01.610000+00:00,0.2,0.0,0.0,0.0
428af779,2025-06-15 15:31:46.590000+00:00,0.17,0.0,0.0,0.0
9f8b7a46,2025-06-15 14:00:34.528000+00:00,0.18,0.0,0.0,0.0
9a083fb3,2025-06-15 13:10:32.971000+00:00,0.21,0.0,0.0,0.0
b9df225f,2025-06-15 12:56:11.894000+00:00,0.22,0.0,0.0,0.0
d7be82ac,2025-06-15 12:45:15.218000+00:00,0.21,0.0,0.0,0.0
ccdc9ab0,2025-06-15 12:07:21.151000+00:00,0.18,0.0,0.0,0.0
fd0252a9,2025-06-15 02:52:54.808000+00:00,0.17,0.0,0.0,0.0
5753751d,2025-06-15 00:02:37.856000+00:00,0.21,0.0,0.0,0.0
43acc20d,2025-06-14 23:52:50.933000+00:00,0.2,0.0,0.0,0.0
e9f78318,2025-06-14 14:36:20.593000+00:00,0.19,0.0,0.0,0.0
6db5d5be,2025-06-14 13:06:27.966000+00:00,0.2,0.0,0.0,0.0
a6dba138,2025-06-14 12:42:55.235000+00:00,0.22,0.0,0.0,0.0
cd1cd085,2025-06-14 12:33:30.142000+00:00,0.18,0.0,0.0,0.0
8b9e71ad,2025-06-14 12:03:51.665000+00:00,0.21,0.0,0.0,0.0
2dbc2ab8,2025-06-14 11:45:04.228000+00:00,0.17,0.0,0.0,0.0
fdc44594,2025-06-13 14:40:16.331000+00:00,0.22,0.0,0.0,0.0
d240ba3b,2025-06-13 14:09:38.235000+00:00,0.2,0.0,0.0,0.0
409ac912,2025-06-13 13:54:27.756000+00:00,0.18,0.0,0.0,0.0
82bc7668,2025-06-13 13:05:32.954000+00:00,0.19,0.0,0.0,0.0
19307b48,2025-06-13 12:49:21.663000+00:00,0.18,0.0,0.0,0.0
bca6396d,2025-06-13 12:25:23.528000+00:00,0.2,0.0,0.0,0.0
72f5e024,2025-06-13 10:45:11.867000+00:00,0.23,0.0,0.0,0.0
0697f6e2,2025-06-13 10:32:42.499000+00:00,0.21,0.0,0.0,0.0
44cf1f4f,2025-06-12 22:32:18.362000+00:00,0.14,0.0,0.0,0.0
104716ec,2025-06-12 22:16:46.493000+00:00,0.16,0.0,0.0,0.0
8c5bbc76,2025-06-12 22:05:17.228000+00:00,0.23,0.0,0.0,0.0
e600bf77,2025-06-12 21:08:07.681000+00:00,0.21,0.0,0.0,0.0
0749551e,2025-06-12 21:04:09.282000+00:00,0.18,0.0,0.0,0.0
3c8c73f0,2025-06-12 16:38:04.015000+00:00,0.2,0.0,0.0,0.0
3cc29a8e,2025-06-12 16:33:41.703000+00:00,0.12,0.0,0.0,0.0
acc28a48,2025-06-12 16:26:08.152000+00:00,0.21,0.0,0.0,0.0
965ae2e7,2025-06-12 16:05:19.225000+00:00,0.16,0.0,0.0,0.0
5d22b0f2,2025-06-12 16:00:11.830000+00:00,0.17,0.0,0.0,0.0
