{
	"ulid": "01JXJTQ95PVXV319J8PKXQC5PF",
	"minTime": 1749688730745,
	"maxTime": 1749729600000,
	"stats": {
		"numSamples": 3685,
		"numSeries": 10,
		"numChunks": 62
	},
	"compaction": {
		"level": 3,
		"sources": [
			"01JXH3VGPTW4B1WSAGMJJ9ZRX7",
			"01JXHAHWMWRAXQFZ9N7728NBHN",
			"01JXHQMA5P0X2TP7ENB250AKTM",
			"01JXHQMAAZD2ET3GG8FFZ8TSS2",
			"01JXJ55T7W1DZE64613YPD56SJ",
			"01JXJ55TBADYBN4EEM0ZBS0B2X"
		],
		"parents": [
			{
				"ulid": "01JXJ55TFTHGKP607KKS96468H",
				"minTime": 1749688730745,
				"maxTime": 1749708000000
			},
			{
				"ulid": "01JXJTQ8ZT5YWGQCCKK3MNJV6Y",
				"minTime": 1749708009662,
				"maxTime": 1749729600000
			}
		]
	},
	"version": 1
}