{
	"ulid": "01JXK0D08F8GEXEY7F6K2ESPP1",
	"minTime": 1749729600000,
	"maxTime": 1749751200000,
	"stats": {
		"numSamples": 4570,
		"numSeries": 10,
		"numChunks": 51
	},
	"compaction": {
		"level": 2,
		"sources": [
			"01JXJAK10E5KZMNPYDGVSABYWJ",
			"01JXJTQ8NTX1PSSWPPM42047MP",
			"01JXJTQ8S9880VA007PZPS7NHV"
		],
		"parents": [
			{
				"ulid": "01JXJAK10E5KZMNPYDGVSABYWJ",
				"minTime": 1749729600000,
				"maxTime": 1749736800000
			},
			{
				"ulid": "01JXJTQ8NTX1PSSWPPM42047MP",
				"minTime": 1749739523994,
				"maxTime": 1749744000000
			},
			{
				"ulid": "01JXJTQ8S9880VA007PZPS7NHV",
				"minTime": 1749744000455,
				"maxTime": 1749751200000
			}
		]
	},
	"version": 1
}